Store,Date,fcst_revenue,WEEk
S0002,10/1/2019,739,40
S0002,10/2/2019,632,40
S0002,10/3/2019,597,40
S0002,10/4/2019,624,40
S0002,10/5/2019,999,40
S0002,10/6/2019,800,41
S0002,10/7/2019,651,41
S0002,10/8/2019,529,41
S0002,10/9/2019,644,41
S0002,10/10/2019,611,41
S0002,10/11/2019,638,41
S0002,10/12/2019,866,41
S0002,10/13/2019,864,42
S0002,10/14/2019,709,42
S0002,10/15/2019,707,42
S0002,10/16/2019,705,42
S0002,10/17/2019,673,42
S0002,10/18/2019,702,42
S0002,10/19/2019,700,42
S0002,10/20/2019,699,43
S0002,10/21/2019,697,43
S0002,10/22/2019,697,43
S0002,10/23/2019,696,43
S0002,10/24/2019,666,43
S0002,10/25/2019,696,43
S0002,10/26/2019,696,43
S0002,10/27/2019,696,44
S0002,10/28/2019,539,44
S0002,10/29/2019,540,44
S0002,10/30/2019,540,44
S0002,10/31/2019,511,44
S0003,10/1/2019,156,40
S0003,10/2/2019,191,40
S0003,10/3/2019,179,40
S0003,10/4/2019,184,40
S0003,10/5/2019,199,40
S0003,10/6/2019,212,41
S0003,10/7/2019,207,41
S0003,10/8/2019,187,41
S0003,10/9/2019,205,41
S0003,10/10/2019,187,41
S0003,10/11/2019,207,41
S0003,10/12/2019,211,41
S0003,10/13/2019,211,42
S0003,10/14/2019,229,42
S0003,10/15/2019,229,42
S0003,10/16/2019,229,42
S0003,10/17/2019,211,42
S0003,10/18/2019,230,42
S0003,10/19/2019,230,42
S0003,10/20/2019,230,43
S0003,10/21/2019,231,43
S0003,10/22/2019,231,43
S0003,10/23/2019,232,43
S0003,10/24/2019,213,43
S0003,10/25/2019,232,43
S0003,10/26/2019,232,43
S0003,10/27/2019,232,44
S0003,10/28/2019,200,44
S0003,10/29/2019,200,44
S0003,10/30/2019,200,44
S0003,10/31/2019,181,44
S0005,10/1/2019,215,40
S0005,10/2/2019,167,40
S0005,10/3/2019,90,40
S0005,10/4/2019,118,40
S0005,10/5/2019,189,40
S0005,10/6/2019,179,41
S0005,10/7/2019,145,41
S0005,10/8/2019,207,41
S0005,10/9/2019,158,41
S0005,10/10/2019,82,41
S0005,10/11/2019,110,41
S0005,10/12/2019,181,41
S0005,10/13/2019,170,42
S0005,10/14/2019,137,42
S0005,10/15/2019,199,42
S0005,10/16/2019,150,42
S0005,10/17/2019,74,42
S0005,10/18/2019,102,42
S0005,10/19/2019,173,42
S0005,10/20/2019,162,43
S0005,10/21/2019,129,43
S0005,10/22/2019,191,43
S0005,10/23/2019,142,43
S0005,10/24/2019,66,43
S0005,10/25/2019,94,43
S0005,10/26/2019,164,43
S0005,10/27/2019,154,44
S0005,10/28/2019,121,44
S0005,10/29/2019,183,44
S0005,10/30/2019,134,44
S0005,10/31/2019,58,44
S0007,10/1/2019,103,40
S0007,10/2/2019,123,40
S0007,10/3/2019,102,40
S0007,10/4/2019,124,40
S0007,10/5/2019,129,40
S0007,10/6/2019,129,41
S0007,10/7/2019,130,41
S0007,10/8/2019,172,41
S0007,10/9/2019,131,41
S0007,10/10/2019,109,41
S0007,10/11/2019,131,41
S0007,10/12/2019,128,41
S0007,10/13/2019,129,42
S0007,10/14/2019,140,42
S0007,10/15/2019,140,42
S0007,10/16/2019,141,42
S0007,10/17/2019,119,42
S0007,10/18/2019,141,42
S0007,10/19/2019,141,42
S0007,10/20/2019,141,43
S0007,10/21/2019,172,43
S0007,10/22/2019,172,43
S0007,10/23/2019,173,43
S0007,10/24/2019,151,43
S0007,10/25/2019,173,43
S0007,10/26/2019,173,43
S0007,10/27/2019,173,44
S0007,10/28/2019,141,44
S0007,10/29/2019,141,44
S0007,10/30/2019,141,44
S0007,10/31/2019,119,44
S0010,10/1/2019,416,40
S0010,10/2/2019,450,40
S0010,10/3/2019,444,40
S0010,10/4/2019,441,40
S0010,10/5/2019,494,40
S0010,10/6/2019,479,41
S0010,10/7/2019,450,41
S0010,10/8/2019,435,41
S0010,10/9/2019,446,41
S0010,10/10/2019,425,41
S0010,10/11/2019,447,41
S0010,10/12/2019,499,41
S0010,10/13/2019,499,42
S0010,10/14/2019,476,42
S0010,10/15/2019,477,42
S0010,10/16/2019,478,42
S0010,10/17/2019,457,42
S0010,10/18/2019,479,42
S0010,10/19/2019,480,42
S0010,10/20/2019,480,43
S0010,10/21/2019,493,43
S0010,10/22/2019,493,43
S0010,10/23/2019,494,43
S0010,10/24/2019,474,43
S0010,10/25/2019,495,43
S0010,10/26/2019,496,43
S0010,10/27/2019,497,44
S0010,10/28/2019,455,44
S0010,10/29/2019,456,44
S0010,10/30/2019,457,44
S0010,10/31/2019,436,44
S0012,10/1/2019,284,40
S0012,10/2/2019,280,40
S0012,10/3/2019,285,40
S0012,10/4/2019,282,40
S0012,10/5/2019,265,40
S0012,10/6/2019,271,41
S0012,10/7/2019,279,41
S0012,10/8/2019,274,41
S0012,10/9/2019,278,41
S0012,10/10/2019,279,41
S0012,10/11/2019,278,41
S0012,10/12/2019,309,41
S0012,10/13/2019,309,42
S0012,10/14/2019,285,42
S0012,10/15/2019,285,42
S0012,10/16/2019,285,42
S0012,10/17/2019,285,42
S0012,10/18/2019,284,42
S0012,10/19/2019,284,42
S0012,10/20/2019,284,43
S0012,10/21/2019,299,43
S0012,10/22/2019,299,43
S0012,10/23/2019,299,43
S0012,10/24/2019,299,43
S0012,10/25/2019,298,43
S0012,10/26/2019,298,43
S0012,10/27/2019,298,44
S0012,10/28/2019,270,44
S0012,10/29/2019,270,44
S0012,10/30/2019,269,44
S0012,10/31/2019,269,44
S0014,10/1/2019,211,40
S0014,10/2/2019,210,40
S0014,10/3/2019,206,40
S0014,10/4/2019,213,40
S0014,10/5/2019,197,40
S0014,10/6/2019,229,41
S0014,10/7/2019,216,41
S0014,10/8/2019,207,41
S0014,10/9/2019,216,41
S0014,10/10/2019,210,41
S0014,10/11/2019,215,41
S0014,10/12/2019,224,41
S0014,10/13/2019,224,42
S0014,10/14/2019,225,42
S0014,10/15/2019,225,42
S0014,10/16/2019,225,42
S0014,10/17/2019,218,42
S0014,10/18/2019,223,42
S0014,10/19/2019,223,42
S0014,10/20/2019,222,43
S0014,10/21/2019,215,43
S0014,10/22/2019,214,43
S0014,10/23/2019,214,43
S0014,10/24/2019,207,43
S0014,10/25/2019,212,43
S0014,10/26/2019,211,43
S0014,10/27/2019,211,44
S0014,10/28/2019,204,44
S0014,10/29/2019,203,44
S0014,10/30/2019,202,44
S0014,10/31/2019,196,44
S0015,10/1/2019,405,40
S0015,10/2/2019,546,40
S0015,10/3/2019,600,40
S0015,10/4/2019,571,40
S0015,10/5/2019,826,40
S0015,10/6/2019,715,41
S0015,10/7/2019,592,41
S0015,10/8/2019,587,41
S0015,10/9/2019,622,41
S0015,10/10/2019,629,41
S0015,10/11/2019,619,41
S0015,10/12/2019,751,41
S0015,10/13/2019,751,42
S0015,10/14/2019,675,42
S0015,10/15/2019,677,42
S0015,10/16/2019,676,42
S0015,10/17/2019,682,42
S0015,10/18/2019,672,42
S0015,10/19/2019,670,42
S0015,10/20/2019,667,43
S0015,10/21/2019,642,43
S0015,10/22/2019,639,43
S0015,10/23/2019,636,43
S0015,10/24/2019,640,43
S0015,10/25/2019,630,43
S0015,10/26/2019,627,43
S0015,10/27/2019,624,44
S0015,10/28/2019,564,44
S0015,10/29/2019,562,44
S0015,10/30/2019,560,44
S0015,10/31/2019,566,44
S0016,10/1/2019,138,40
S0016,10/2/2019,129,40
S0016,10/3/2019,119,40
S0016,10/4/2019,122,40
S0016,10/5/2019,139,40
S0016,10/6/2019,126,41
S0016,10/7/2019,129,41
S0016,10/8/2019,133,41
S0016,10/9/2019,129,41
S0016,10/10/2019,124,41
S0016,10/11/2019,129,41
S0016,10/12/2019,142,41
S0016,10/13/2019,142,42
S0016,10/14/2019,131,42
S0016,10/15/2019,131,42
S0016,10/16/2019,132,42
S0016,10/17/2019,127,42
S0016,10/18/2019,132,42
S0016,10/19/2019,132,42
S0016,10/20/2019,133,43
S0016,10/21/2019,135,43
S0016,10/22/2019,136,43
S0016,10/23/2019,136,43
S0016,10/24/2019,132,43
S0016,10/25/2019,136,43
S0016,10/26/2019,137,43
S0016,10/27/2019,137,44
S0016,10/28/2019,132,44
S0016,10/29/2019,132,44
S0016,10/30/2019,133,44
S0016,10/31/2019,128,44
S0020,10/1/2019,1690,40
S0020,10/2/2019,1467,40
S0020,10/3/2019,1352,40
S0020,10/4/2019,1406,40
S0020,10/5/2019,1459,40
S0020,10/6/2019,1529,41
S0020,10/7/2019,1368,41
S0020,10/8/2019,1355,41
S0020,10/9/2019,1367,41
S0020,10/10/2019,1320,41
S0020,10/11/2019,1365,41
S0020,10/12/2019,1590,41
S0020,10/13/2019,1591,42
S0020,10/14/2019,1511,42
S0020,10/15/2019,1511,42
S0020,10/16/2019,1512,42
S0020,10/17/2019,1467,42
S0020,10/18/2019,1513,42
S0020,10/19/2019,1514,42
S0020,10/20/2019,1514,43
S0020,10/21/2019,1531,43
S0020,10/22/2019,1532,43
S0020,10/23/2019,1533,43
S0020,10/24/2019,1488,43
S0020,10/25/2019,1534,43
S0020,10/26/2019,1534,43
S0020,10/27/2019,1535,44
S0020,10/28/2019,1397,44
S0020,10/29/2019,1397,44
S0020,10/30/2019,1398,44
S0020,10/31/2019,1353,44
S0022,10/1/2019,325,40
S0022,10/2/2019,324,40
S0022,10/3/2019,308,40
S0022,10/4/2019,327,40
S0022,10/5/2019,266,40
S0022,10/6/2019,315,41
S0022,10/7/2019,336,41
S0022,10/8/2019,349,41
S0022,10/9/2019,338,41
S0022,10/10/2019,312,41
S0022,10/11/2019,340,41
S0022,10/12/2019,332,41
S0022,10/13/2019,335,42
S0022,10/14/2019,345,42
S0022,10/15/2019,348,42
S0022,10/16/2019,348,42
S0022,10/17/2019,326,42
S0022,10/18/2019,350,42
S0022,10/19/2019,352,42
S0022,10/20/2019,352,43
S0022,10/21/2019,357,43
S0022,10/22/2019,357,43
S0022,10/23/2019,359,43
S0022,10/24/2019,335,43
S0022,10/25/2019,361,43
S0022,10/26/2019,361,43
S0022,10/27/2019,362,44
S0022,10/28/2019,348,44
S0022,10/29/2019,349,44
S0022,10/30/2019,349,44
S0022,10/31/2019,326,44
S0023,10/1/2019,462,40
S0023,10/2/2019,535,40
S0023,10/3/2019,547,40
S0023,10/4/2019,502,40
S0023,10/5/2019,674,40
S0023,10/6/2019,633,41
S0023,10/7/2019,533,41
S0023,10/8/2019,525,41
S0023,10/9/2019,528,41
S0023,10/10/2019,521,41
S0023,10/11/2019,530,41
S0023,10/12/2019,640,41
S0023,10/13/2019,641,42
S0023,10/14/2019,598,42
S0023,10/15/2019,598,42
S0023,10/16/2019,598,42
S0023,10/17/2019,589,42
S0023,10/18/2019,598,42
S0023,10/19/2019,598,42
S0023,10/20/2019,598,43
S0023,10/21/2019,595,43
S0023,10/22/2019,595,43
S0023,10/23/2019,595,43
S0023,10/24/2019,585,43
S0023,10/25/2019,595,43
S0023,10/26/2019,595,43
S0023,10/27/2019,595,44
S0023,10/28/2019,521,44
S0023,10/29/2019,521,44
S0023,10/30/2019,521,44
S0023,10/31/2019,512,44
S0026,10/1/2019,1416,40
S0026,10/2/2019,1582,40
S0026,10/3/2019,1546,40
S0026,10/4/2019,1514,40
S0026,10/5/2019,1990,40
S0026,10/6/2019,1971,41
S0026,10/7/2019,1592,41
S0026,10/8/2019,1571,41
S0026,10/9/2019,1551,41
S0026,10/10/2019,1463,41
S0026,10/11/2019,1536,41
S0026,10/12/2019,2008,41
S0026,10/13/2019,1996,42
S0026,10/14/2019,1768,42
S0026,10/15/2019,1760,42
S0026,10/16/2019,1752,42
S0026,10/17/2019,1667,42
S0026,10/18/2019,1733,42
S0026,10/19/2019,1723,42
S0026,10/20/2019,1714,43
S0026,10/21/2019,1653,43
S0026,10/22/2019,1644,43
S0026,10/23/2019,1636,43
S0026,10/24/2019,1552,43
S0026,10/25/2019,1619,43
S0026,10/26/2019,1611,43
S0026,10/27/2019,1603,44
S0026,10/28/2019,1253,44
S0026,10/29/2019,1246,44
S0026,10/30/2019,1239,44
S0026,10/31/2019,1157,44
S0030,10/1/2019,77,40
S0030,10/2/2019,82,40
S0030,10/3/2019,81,40
S0030,10/4/2019,82,40
S0030,10/5/2019,111,40
S0030,10/6/2019,94,41
S0030,10/7/2019,84,41
S0030,10/8/2019,84,41
S0030,10/9/2019,84,41
S0030,10/10/2019,83,41
S0030,10/11/2019,84,41
S0030,10/12/2019,87,41
S0030,10/13/2019,87,42
S0030,10/14/2019,89,42
S0030,10/15/2019,89,42
S0030,10/16/2019,89,42
S0030,10/17/2019,88,42
S0030,10/18/2019,89,42
S0030,10/19/2019,89,42
S0030,10/20/2019,89,43
S0030,10/21/2019,89,43
S0030,10/22/2019,89,43
S0030,10/23/2019,89,43
S0030,10/24/2019,88,43
S0030,10/25/2019,89,43
S0030,10/26/2019,89,43
S0030,10/27/2019,89,44
S0030,10/28/2019,81,44
S0030,10/29/2019,81,44
S0030,10/30/2019,81,44
S0030,10/31/2019,81,44
S0032,10/1/2019,109,40
S0032,10/2/2019,109,40
S0032,10/3/2019,108,40
S0032,10/4/2019,109,40
S0032,10/5/2019,225,40
S0032,10/6/2019,123,41
S0032,10/7/2019,121,41
S0032,10/8/2019,116,41
S0032,10/9/2019,121,41
S0032,10/10/2019,119,41
S0032,10/11/2019,120,41
S0032,10/12/2019,124,41
S0032,10/13/2019,124,42
S0032,10/14/2019,117,42
S0032,10/15/2019,117,42
S0032,10/16/2019,116,42
S0032,10/17/2019,114,42
S0032,10/18/2019,115,42
S0032,10/19/2019,114,42
S0032,10/20/2019,114,43
S0032,10/21/2019,115,43
S0032,10/22/2019,115,43
S0032,10/23/2019,114,43
S0032,10/24/2019,112,43
S0032,10/25/2019,113,43
S0032,10/26/2019,112,43
S0032,10/27/2019,112,44
S0032,10/28/2019,100,44
S0032,10/29/2019,99,44
S0032,10/30/2019,99,44
S0032,10/31/2019,97,44
S0036,10/1/2019,303,40
S0036,10/2/2019,216,40
S0036,10/3/2019,215,40
S0036,10/4/2019,213,40
S0036,10/5/2019,264,40
S0036,10/6/2019,291,41
S0036,10/7/2019,234,41
S0036,10/8/2019,301,41
S0036,10/9/2019,214,41
S0036,10/10/2019,213,41
S0036,10/11/2019,211,41
S0036,10/12/2019,262,41
S0036,10/13/2019,289,42
S0036,10/14/2019,231,42
S0036,10/15/2019,299,42
S0036,10/16/2019,212,42
S0036,10/17/2019,211,42
S0036,10/18/2019,208,42
S0036,10/19/2019,260,42
S0036,10/20/2019,287,43
S0036,10/21/2019,229,43
S0036,10/22/2019,296,43
S0036,10/23/2019,210,43
S0036,10/24/2019,209,43
S0036,10/25/2019,206,43
S0036,10/26/2019,258,43
S0036,10/27/2019,285,44
S0036,10/28/2019,227,44
S0036,10/29/2019,294,44
S0036,10/30/2019,208,44
S0036,10/31/2019,207,44
S0038,10/1/2019,962,40
S0038,10/2/2019,1224,40
S0038,10/3/2019,1141,40
S0038,10/4/2019,1207,40
S0038,10/5/2019,1745,40
S0038,10/6/2019,1646,41
S0038,10/7/2019,1233,41
S0038,10/8/2019,1236,41
S0038,10/9/2019,1213,41
S0038,10/10/2019,1128,41
S0038,10/11/2019,1193,41
S0038,10/12/2019,1698,41
S0038,10/13/2019,1687,42
S0038,10/14/2019,1295,42
S0038,10/15/2019,1285,42
S0038,10/16/2019,1274,42
S0038,10/17/2019,1188,42
S0038,10/18/2019,1252,42
S0038,10/19/2019,1241,42
S0038,10/20/2019,1230,43
S0038,10/21/2019,1220,43
S0038,10/22/2019,1210,43
S0038,10/23/2019,1199,43
S0038,10/24/2019,1113,43
S0038,10/25/2019,1178,43
S0038,10/26/2019,1167,43
S0038,10/27/2019,1157,44
S0038,10/28/2019,904,44
S0038,10/29/2019,894,44
S0038,10/30/2019,885,44
S0038,10/31/2019,800,44
S0039,10/1/2019,105,40
S0039,10/2/2019,123,40
S0039,10/3/2019,114,40
S0039,10/4/2019,125,40
S0039,10/5/2019,84,40
S0039,10/6/2019,148,41
S0039,10/7/2019,130,41
S0039,10/8/2019,129,41
S0039,10/9/2019,131,41
S0039,10/10/2019,120,41
S0039,10/11/2019,131,41
S0039,10/12/2019,137,41
S0039,10/13/2019,138,42
S0039,10/14/2019,132,42
S0039,10/15/2019,132,42
S0039,10/16/2019,133,42
S0039,10/17/2019,122,42
S0039,10/18/2019,133,42
S0039,10/19/2019,133,42
S0039,10/20/2019,133,43
S0039,10/21/2019,142,43
S0039,10/22/2019,142,43
S0039,10/23/2019,142,43
S0039,10/24/2019,131,43
S0039,10/25/2019,142,43
S0039,10/26/2019,142,43
S0039,10/27/2019,142,44
S0039,10/28/2019,135,44
S0039,10/29/2019,135,44
S0039,10/30/2019,135,44
S0039,10/31/2019,124,44
S0040,10/1/2019,505,40
S0040,10/2/2019,598,40
S0040,10/3/2019,571,40
S0040,10/4/2019,577,40
S0040,10/5/2019,1119,40
S0040,10/6/2019,895,41
S0040,10/7/2019,621,41
S0040,10/8/2019,590,41
S0040,10/9/2019,617,41
S0040,10/10/2019,605,41
S0040,10/11/2019,613,41
S0040,10/12/2019,880,41
S0040,10/13/2019,878,42
S0040,10/14/2019,722,42
S0040,10/15/2019,719,42
S0040,10/16/2019,717,42
S0040,10/17/2019,704,42
S0040,10/18/2019,711,42
S0040,10/19/2019,709,42
S0040,10/20/2019,706,43
S0040,10/21/2019,677,43
S0040,10/22/2019,674,43
S0040,10/23/2019,671,43
S0040,10/24/2019,657,43
S0040,10/25/2019,665,43
S0040,10/26/2019,661,43
S0040,10/27/2019,658,44
S0040,10/28/2019,512,44
S0040,10/29/2019,508,44
S0040,10/30/2019,505,44
S0040,10/31/2019,491,44
S0041,10/1/2019,24,40
S0041,10/2/2019,23,40
S0041,10/3/2019,22,40
S0041,10/4/2019,23,40
S0041,10/5/2019,39,40
S0041,10/6/2019,21,41
S0041,10/7/2019,21,41
S0041,10/8/2019,21,41
S0041,10/9/2019,21,41
S0041,10/10/2019,20,41
S0041,10/11/2019,21,41
S0041,10/12/2019,26,41
S0041,10/13/2019,26,42
S0041,10/14/2019,23,42
S0041,10/15/2019,23,42
S0041,10/16/2019,23,42
S0041,10/17/2019,22,42
S0041,10/18/2019,24,42
S0041,10/19/2019,24,42
S0041,10/20/2019,24,43
S0041,10/21/2019,22,43
S0041,10/22/2019,22,43
S0041,10/23/2019,23,43
S0041,10/24/2019,21,43
S0041,10/25/2019,23,43
S0041,10/26/2019,23,43
S0041,10/27/2019,23,44
S0041,10/28/2019,24,44
S0041,10/29/2019,24,44
S0041,10/30/2019,24,44
S0041,10/31/2019,23,44
S0045,10/1/2019,110,40
S0045,10/2/2019,127,40
S0045,10/3/2019,121,40
S0045,10/4/2019,133,40
S0045,10/5/2019,176,40
S0045,10/6/2019,144,41
S0045,10/7/2019,143,41
S0045,10/8/2019,145,41
S0045,10/9/2019,143,41
S0045,10/10/2019,133,41
S0045,10/11/2019,143,41
S0045,10/12/2019,178,41
S0045,10/13/2019,178,42
S0045,10/14/2019,151,42
S0045,10/15/2019,151,42
S0045,10/16/2019,151,42
S0045,10/17/2019,141,42
S0045,10/18/2019,151,42
S0045,10/19/2019,151,42
S0045,10/20/2019,152,43
S0045,10/21/2019,149,43
S0045,10/22/2019,149,43
S0045,10/23/2019,149,43
S0045,10/24/2019,139,43
S0045,10/25/2019,150,43
S0045,10/26/2019,150,43
S0045,10/27/2019,150,44
S0045,10/28/2019,138,44
S0045,10/29/2019,138,44
S0045,10/30/2019,138,44
S0045,10/31/2019,128,44
S0046,10/1/2019,416,40
S0046,10/2/2019,341,40
S0046,10/3/2019,203,40
S0046,10/4/2019,231,40
S0046,10/5/2019,269,40
S0046,10/6/2019,249,41
S0046,10/7/2019,249,41
S0046,10/8/2019,422,41
S0046,10/9/2019,346,41
S0046,10/10/2019,208,41
S0046,10/11/2019,237,41
S0046,10/12/2019,275,41
S0046,10/13/2019,255,42
S0046,10/14/2019,254,42
S0046,10/15/2019,427,42
S0046,10/16/2019,351,42
S0046,10/17/2019,214,42
S0046,10/18/2019,242,42
S0046,10/19/2019,280,42
S0046,10/20/2019,260,43
S0046,10/21/2019,260,43
S0046,10/22/2019,433,43
S0046,10/23/2019,357,43
S0046,10/24/2019,219,43
S0046,10/25/2019,248,43
S0046,10/26/2019,286,43
S0046,10/27/2019,266,44
S0046,10/28/2019,265,44
S0046,10/29/2019,438,44
S0046,10/30/2019,362,44
S0046,10/31/2019,225,44
S0050,10/1/2019,401,40
S0050,10/2/2019,397,40
S0050,10/3/2019,389,40
S0050,10/4/2019,399,40
S0050,10/5/2019,591,40
S0050,10/6/2019,478,41
S0050,10/7/2019,420,41
S0050,10/8/2019,405,41
S0050,10/9/2019,421,41
S0050,10/10/2019,412,41
S0050,10/11/2019,422,41
S0050,10/12/2019,505,41
S0050,10/13/2019,506,42
S0050,10/14/2019,452,42
S0050,10/15/2019,453,42
S0050,10/16/2019,453,42
S0050,10/17/2019,444,42
S0050,10/18/2019,454,42
S0050,10/19/2019,454,42
S0050,10/20/2019,455,43
S0050,10/21/2019,457,43
S0050,10/22/2019,457,43
S0050,10/23/2019,457,43
S0050,10/24/2019,449,43
S0050,10/25/2019,458,43
S0050,10/26/2019,459,43
S0050,10/27/2019,459,44
S0050,10/28/2019,413,44
S0050,10/29/2019,414,44
S0050,10/30/2019,414,44
S0050,10/31/2019,405,44
S0052,10/1/2019,205,40
S0052,10/2/2019,184,40
S0052,10/3/2019,176,40
S0052,10/4/2019,188,40
S0052,10/5/2019,202,40
S0052,10/6/2019,247,41
S0052,10/7/2019,194,41
S0052,10/8/2019,191,41
S0052,10/9/2019,194,41
S0052,10/10/2019,183,41
S0052,10/11/2019,195,41
S0052,10/12/2019,218,41
S0052,10/13/2019,218,42
S0052,10/14/2019,215,42
S0052,10/15/2019,215,42
S0052,10/16/2019,215,42
S0052,10/17/2019,203,42
S0052,10/18/2019,215,42
S0052,10/19/2019,215,42
S0052,10/20/2019,215,43
S0052,10/21/2019,214,43
S0052,10/22/2019,214,43
S0052,10/23/2019,214,43
S0052,10/24/2019,202,43
S0052,10/25/2019,214,43
S0052,10/26/2019,214,43
S0052,10/27/2019,214,44
S0052,10/28/2019,190,44
S0052,10/29/2019,190,44
S0052,10/30/2019,190,44
S0052,10/31/2019,178,44
S0055,10/1/2019,341,40
S0055,10/2/2019,275,40
S0055,10/3/2019,271,40
S0055,10/4/2019,277,40
S0055,10/5/2019,205,40
S0055,10/6/2019,212,41
S0055,10/7/2019,282,41
S0055,10/8/2019,286,41
S0055,10/9/2019,284,41
S0055,10/10/2019,281,41
S0055,10/11/2019,287,41
S0055,10/12/2019,214,41
S0055,10/13/2019,215,42
S0055,10/14/2019,277,42
S0055,10/15/2019,278,42
S0055,10/16/2019,279,42
S0055,10/17/2019,276,42
S0055,10/18/2019,282,42
S0055,10/19/2019,283,42
S0055,10/20/2019,285,43
S0055,10/21/2019,301,43
S0055,10/22/2019,302,43
S0055,10/23/2019,303,43
S0055,10/24/2019,300,43
S0055,10/25/2019,306,43
S0055,10/26/2019,307,43
S0055,10/27/2019,309,44
S0055,10/28/2019,301,44
S0055,10/29/2019,302,44
S0055,10/30/2019,304,44
S0055,10/31/2019,300,44
S0056,10/1/2019,815,40
S0056,10/2/2019,877,40
S0056,10/3/2019,867,40
S0056,10/4/2019,825,40
S0056,10/5/2019,1691,40
S0056,10/6/2019,988,41
S0056,10/7/2019,810,41
S0056,10/8/2019,832,41
S0056,10/9/2019,800,41
S0056,10/10/2019,748,41
S0056,10/11/2019,800,41
S0056,10/12/2019,1066,41
S0056,10/13/2019,1065,42
S0056,10/14/2019,907,42
S0056,10/15/2019,907,42
S0056,10/16/2019,907,42
S0056,10/17/2019,854,42
S0056,10/18/2019,906,42
S0056,10/19/2019,906,42
S0056,10/20/2019,906,43
S0056,10/21/2019,906,43
S0056,10/22/2019,906,43
S0056,10/23/2019,906,43
S0056,10/24/2019,853,43
S0056,10/25/2019,906,43
S0056,10/26/2019,906,43
S0056,10/27/2019,905,44
S0056,10/28/2019,766,44
S0056,10/29/2019,766,44
S0056,10/30/2019,765,44
S0056,10/31/2019,713,44
S0058,10/1/2019,302,40
S0058,10/2/2019,305,40
S0058,10/3/2019,287,40
S0058,10/4/2019,306,40
S0058,10/5/2019,280,40
S0058,10/6/2019,320,41
S0058,10/7/2019,312,41
S0058,10/8/2019,309,41
S0058,10/9/2019,313,41
S0058,10/10/2019,294,41
S0058,10/11/2019,314,41
S0058,10/12/2019,345,41
S0058,10/13/2019,346,42
S0058,10/14/2019,343,42
S0058,10/15/2019,344,42
S0058,10/16/2019,344,42
S0058,10/17/2019,326,42
S0058,10/18/2019,345,42
S0058,10/19/2019,345,42
S0058,10/20/2019,346,43
S0058,10/21/2019,343,43
S0058,10/22/2019,343,43
S0058,10/23/2019,343,43
S0058,10/24/2019,325,43
S0058,10/25/2019,344,43
S0058,10/26/2019,345,43
S0058,10/27/2019,345,44
S0058,10/28/2019,300,44
S0058,10/29/2019,300,44
S0058,10/30/2019,301,44
S0058,10/31/2019,282,44
S0059,10/1/2019,172,40
S0059,10/2/2019,177,40
S0059,10/3/2019,171,40
S0059,10/4/2019,177,40
S0059,10/5/2019,133,40
S0059,10/6/2019,191,41
S0059,10/7/2019,177,41
S0059,10/8/2019,179,41
S0059,10/9/2019,177,41
S0059,10/10/2019,171,41
S0059,10/11/2019,178,41
S0059,10/12/2019,197,41
S0059,10/13/2019,197,42
S0059,10/14/2019,185,42
S0059,10/15/2019,185,42
S0059,10/16/2019,185,42
S0059,10/17/2019,179,42
S0059,10/18/2019,185,42
S0059,10/19/2019,185,42
S0059,10/20/2019,185,43
S0059,10/21/2019,192,43
S0059,10/22/2019,192,43
S0059,10/23/2019,192,43
S0059,10/24/2019,186,43
S0059,10/25/2019,193,43
S0059,10/26/2019,193,43
S0059,10/27/2019,193,44
S0059,10/28/2019,174,44
S0059,10/29/2019,174,44
S0059,10/30/2019,174,44
S0059,10/31/2019,168,44
S0061,10/1/2019,728,40
S0061,10/2/2019,514,40
S0061,10/3/2019,499,40
S0061,10/4/2019,530,40
S0061,10/5/2019,686,40
S0061,10/6/2019,690,41
S0061,10/7/2019,560,41
S0061,10/8/2019,726,41
S0061,10/9/2019,512,41
S0061,10/10/2019,497,41
S0061,10/11/2019,528,41
S0061,10/12/2019,684,41
S0061,10/13/2019,687,42
S0061,10/14/2019,558,42
S0061,10/15/2019,724,42
S0061,10/16/2019,510,42
S0061,10/17/2019,495,42
S0061,10/18/2019,526,42
S0061,10/19/2019,682,42
S0061,10/20/2019,685,43
S0061,10/21/2019,556,43
S0061,10/22/2019,722,43
S0061,10/23/2019,508,43
S0061,10/24/2019,493,43
S0061,10/25/2019,524,43
S0061,10/26/2019,680,43
S0061,10/27/2019,683,44
S0061,10/28/2019,554,44
S0061,10/29/2019,720,44
S0061,10/30/2019,506,44
S0061,10/31/2019,491,44
S0062,10/1/2019,1383,40
S0062,10/2/2019,1566,40
S0062,10/3/2019,1512,40
S0062,10/4/2019,1501,40
S0062,10/5/2019,1573,40
S0062,10/6/2019,1687,41
S0062,10/7/2019,1659,41
S0062,10/8/2019,1685,41
S0062,10/9/2019,1665,41
S0062,10/10/2019,1649,41
S0062,10/11/2019,1675,41
S0062,10/12/2019,1744,41
S0062,10/13/2019,1749,42
S0062,10/14/2019,1891,42
S0062,10/15/2019,1894,42
S0062,10/16/2019,1897,42
S0062,10/17/2019,1876,42
S0062,10/18/2019,1903,42
S0062,10/19/2019,1906,42
S0062,10/20/2019,1909,43
S0062,10/21/2019,1825,43
S0062,10/22/2019,1828,43
S0062,10/23/2019,1831,43
S0062,10/24/2019,1810,43
S0062,10/25/2019,1837,43
S0062,10/26/2019,1840,43
S0062,10/27/2019,1843,44
S0062,10/28/2019,1699,44
S0062,10/29/2019,1702,44
S0062,10/30/2019,1705,44
S0062,10/31/2019,1684,44
S0067,10/1/2019,358,40
S0067,10/2/2019,325,40
S0067,10/3/2019,287,40
S0067,10/4/2019,322,40
S0067,10/5/2019,394,40
S0067,10/6/2019,364,41
S0067,10/7/2019,337,41
S0067,10/8/2019,330,41
S0067,10/9/2019,338,41
S0067,10/10/2019,321,41
S0067,10/11/2019,340,41
S0067,10/12/2019,381,41
S0067,10/13/2019,382,42
S0067,10/14/2019,372,42
S0067,10/15/2019,373,42
S0067,10/16/2019,374,42
S0067,10/17/2019,356,42
S0067,10/18/2019,375,42
S0067,10/19/2019,376,42
S0067,10/20/2019,376,43
S0067,10/21/2019,373,43
S0067,10/22/2019,373,43
S0067,10/23/2019,374,43
S0067,10/24/2019,356,43
S0067,10/25/2019,375,43
S0067,10/26/2019,376,43
S0067,10/27/2019,376,44
S0067,10/28/2019,349,44
S0067,10/29/2019,349,44
S0067,10/30/2019,350,44
S0067,10/31/2019,332,44
S0068,10/1/2019,99,40
S0068,10/2/2019,104,40
S0068,10/3/2019,105,40
S0068,10/4/2019,102,40
S0068,10/5/2019,95,40
S0068,10/6/2019,111,41
S0068,10/7/2019,98,41
S0068,10/8/2019,95,41
S0068,10/9/2019,98,41
S0068,10/10/2019,101,41
S0068,10/11/2019,98,41
S0068,10/12/2019,102,41
S0068,10/13/2019,102,42
S0068,10/14/2019,105,42
S0068,10/15/2019,105,42
S0068,10/16/2019,105,42
S0068,10/17/2019,108,42
S0068,10/18/2019,105,42
S0068,10/19/2019,105,42
S0068,10/20/2019,105,43
S0068,10/21/2019,111,43
S0068,10/22/2019,111,43
S0068,10/23/2019,111,43
S0068,10/24/2019,114,43
S0068,10/25/2019,111,43
S0068,10/26/2019,111,43
S0068,10/27/2019,111,44
S0068,10/28/2019,101,44
S0068,10/29/2019,101,44
S0068,10/30/2019,101,44
S0068,10/31/2019,104,44
S0071,10/1/2019,431,40
S0071,10/2/2019,279,40
S0071,10/3/2019,296,40
S0071,10/4/2019,320,40
S0071,10/5/2019,307,40
S0071,10/6/2019,274,41
S0071,10/7/2019,302,41
S0071,10/8/2019,435,41
S0071,10/9/2019,283,41
S0071,10/10/2019,299,41
S0071,10/11/2019,324,41
S0071,10/12/2019,311,41
S0071,10/13/2019,278,42
S0071,10/14/2019,306,42
S0071,10/15/2019,438,42
S0071,10/16/2019,286,42
S0071,10/17/2019,303,42
S0071,10/18/2019,328,42
S0071,10/19/2019,315,42
S0071,10/20/2019,281,43
S0071,10/21/2019,310,43
S0071,10/22/2019,442,43
S0071,10/23/2019,290,43
S0071,10/24/2019,307,43
S0071,10/25/2019,331,43
S0071,10/26/2019,319,43
S0071,10/27/2019,285,44
S0071,10/28/2019,314,44
S0071,10/29/2019,446,44
S0071,10/30/2019,294,44
S0071,10/31/2019,311,44
S0072,10/1/2019,426,40
S0072,10/2/2019,517,40
S0072,10/3/2019,518,40
S0072,10/4/2019,463,40
S0072,10/5/2019,578,40
S0072,10/6/2019,567,41
S0072,10/7/2019,500,41
S0072,10/8/2019,481,41
S0072,10/9/2019,493,41
S0072,10/10/2019,512,41
S0072,10/11/2019,495,41
S0072,10/12/2019,571,41
S0072,10/13/2019,570,42
S0072,10/14/2019,521,42
S0072,10/15/2019,520,42
S0072,10/16/2019,520,42
S0072,10/17/2019,536,42
S0072,10/18/2019,519,42
S0072,10/19/2019,519,42
S0072,10/20/2019,519,43
S0072,10/21/2019,532,43
S0072,10/22/2019,532,43
S0072,10/23/2019,532,43
S0072,10/24/2019,548,43
S0072,10/25/2019,531,43
S0072,10/26/2019,531,43
S0072,10/27/2019,530,44
S0072,10/28/2019,479,44
S0072,10/29/2019,479,44
S0072,10/30/2019,479,44
S0072,10/31/2019,495,44
S0073,10/1/2019,205,40
S0073,10/2/2019,206,40
S0073,10/3/2019,205,40
S0073,10/4/2019,206,40
S0073,10/5/2019,265,40
S0073,10/6/2019,251,41
S0073,10/7/2019,200,41
S0073,10/8/2019,198,41
S0073,10/9/2019,200,41
S0073,10/10/2019,198,41
S0073,10/11/2019,200,41
S0073,10/12/2019,246,41
S0073,10/13/2019,246,42
S0073,10/14/2019,226,42
S0073,10/15/2019,226,42
S0073,10/16/2019,226,42
S0073,10/17/2019,224,42
S0073,10/18/2019,226,42
S0073,10/19/2019,226,42
S0073,10/20/2019,226,43
S0073,10/21/2019,225,43
S0073,10/22/2019,225,43
S0073,10/23/2019,225,43
S0073,10/24/2019,224,43
S0073,10/25/2019,225,43
S0073,10/26/2019,225,43
S0073,10/27/2019,225,44
S0073,10/28/2019,199,44
S0073,10/29/2019,199,44
S0073,10/30/2019,199,44
S0073,10/31/2019,197,44
S0076,10/1/2019,219,40
S0076,10/2/2019,220,40
S0076,10/3/2019,217,40
S0076,10/4/2019,233,40
S0076,10/5/2019,216,40
S0076,10/6/2019,197,41
S0076,10/7/2019,233,41
S0076,10/8/2019,220,41
S0076,10/9/2019,222,41
S0076,10/10/2019,219,41
S0076,10/11/2019,234,41
S0076,10/12/2019,218,41
S0076,10/13/2019,199,42
S0076,10/14/2019,234,42
S0076,10/15/2019,222,42
S0076,10/16/2019,223,42
S0076,10/17/2019,220,42
S0076,10/18/2019,236,42
S0076,10/19/2019,219,42
S0076,10/20/2019,200,43
S0076,10/21/2019,235,43
S0076,10/22/2019,223,43
S0076,10/23/2019,225,43
S0076,10/24/2019,221,43
S0076,10/25/2019,237,43
S0076,10/26/2019,221,43
S0076,10/27/2019,202,44
S0076,10/28/2019,237,44
S0076,10/29/2019,225,44
S0076,10/30/2019,226,44
S0076,10/31/2019,223,44
S0077,10/1/2019,83,40
S0077,10/2/2019,78,40
S0077,10/3/2019,75,40
S0077,10/4/2019,78,40
S0077,10/5/2019,98,40
S0077,10/6/2019,89,41
S0077,10/7/2019,72,41
S0077,10/8/2019,74,41
S0077,10/9/2019,72,41
S0077,10/10/2019,69,41
S0077,10/11/2019,72,41
S0077,10/12/2019,84,41
S0077,10/13/2019,84,42
S0077,10/14/2019,77,42
S0077,10/15/2019,77,42
S0077,10/16/2019,77,42
S0077,10/17/2019,74,42
S0077,10/18/2019,77,42
S0077,10/19/2019,77,42
S0077,10/20/2019,77,43
S0077,10/21/2019,77,43
S0077,10/22/2019,77,43
S0077,10/23/2019,77,43
S0077,10/24/2019,74,43
S0077,10/25/2019,77,43
S0077,10/26/2019,77,43
S0077,10/27/2019,77,44
S0077,10/28/2019,70,44
S0077,10/29/2019,70,44
S0077,10/30/2019,70,44
S0077,10/31/2019,67,44
S0080,10/1/2019,266,40
S0080,10/2/2019,281,40
S0080,10/3/2019,275,40
S0080,10/4/2019,282,40
S0080,10/5/2019,290,40
S0080,10/6/2019,294,41
S0080,10/7/2019,297,41
S0080,10/8/2019,308,41
S0080,10/9/2019,297,41
S0080,10/10/2019,284,41
S0080,10/11/2019,297,41
S0080,10/12/2019,301,41
S0080,10/13/2019,301,42
S0080,10/14/2019,300,42
S0080,10/15/2019,299,42
S0080,10/16/2019,299,42
S0080,10/17/2019,286,42
S0080,10/18/2019,298,42
S0080,10/19/2019,297,42
S0080,10/20/2019,297,43
S0080,10/21/2019,295,43
S0080,10/22/2019,295,43
S0080,10/23/2019,294,43
S0080,10/24/2019,281,43
S0080,10/25/2019,293,43
S0080,10/26/2019,293,43
S0080,10/27/2019,293,44
S0080,10/28/2019,290,44
S0080,10/29/2019,290,44
S0080,10/30/2019,290,44
S0080,10/31/2019,277,44
S0083,10/1/2019,142,40
S0083,10/2/2019,162,40
S0083,10/3/2019,154,40
S0083,10/4/2019,167,40
S0083,10/5/2019,599,40
S0083,10/6/2019,205,41
S0083,10/7/2019,201,41
S0083,10/8/2019,208,41
S0083,10/9/2019,202,41
S0083,10/10/2019,191,41
S0083,10/11/2019,203,41
S0083,10/12/2019,166,41
S0083,10/13/2019,166,42
S0083,10/14/2019,167,42
S0083,10/15/2019,168,42
S0083,10/16/2019,168,42
S0083,10/17/2019,157,42
S0083,10/18/2019,169,42
S0083,10/19/2019,169,42
S0083,10/20/2019,169,43
S0083,10/21/2019,167,43
S0083,10/22/2019,167,43
S0083,10/23/2019,167,43
S0083,10/24/2019,156,43
S0083,10/25/2019,168,43
S0083,10/26/2019,168,43
S0083,10/27/2019,168,44
S0083,10/28/2019,191,44
S0083,10/29/2019,191,44
S0083,10/30/2019,191,44
S0083,10/31/2019,180,44
S0085,10/1/2019,2350,40
S0085,10/2/2019,2497,40
S0085,10/3/2019,2396,40
S0085,10/4/2019,2506,40
S0085,10/5/2019,3427,40
S0085,10/6/2019,3327,41
S0085,10/7/2019,2511,41
S0085,10/8/2019,2475,41
S0085,10/9/2019,2482,41
S0085,10/10/2019,2340,41
S0085,10/11/2019,2454,41
S0085,10/12/2019,3443,41
S0085,10/13/2019,3429,42
S0085,10/14/2019,2736,42
S0085,10/15/2019,2722,42
S0085,10/16/2019,2708,42
S0085,10/17/2019,2567,42
S0085,10/18/2019,2682,42
S0085,10/19/2019,2669,42
S0085,10/20/2019,2657,43
S0085,10/21/2019,2600,43
S0085,10/22/2019,2588,43
S0085,10/23/2019,2576,43
S0085,10/24/2019,2438,43
S0085,10/25/2019,2555,43
S0085,10/26/2019,2545,43
S0085,10/27/2019,2535,44
S0085,10/28/2019,2209,44
S0085,10/29/2019,2201,44
S0085,10/30/2019,2193,44
S0085,10/31/2019,2057,44
S0086,10/1/2019,66,40
S0086,10/2/2019,66,40
S0086,10/3/2019,60,40
S0086,10/4/2019,66,40
S0086,10/5/2019,65,40
S0086,10/6/2019,76,41
S0086,10/7/2019,65,41
S0086,10/8/2019,63,41
S0086,10/9/2019,64,41
S0086,10/10/2019,58,41
S0086,10/11/2019,63,41
S0086,10/12/2019,69,41
S0086,10/13/2019,69,42
S0086,10/14/2019,66,42
S0086,10/15/2019,65,42
S0086,10/16/2019,65,42
S0086,10/17/2019,59,42
S0086,10/18/2019,65,42
S0086,10/19/2019,64,42
S0086,10/20/2019,64,43
S0086,10/21/2019,65,43
S0086,10/22/2019,65,43
S0086,10/23/2019,65,43
S0086,10/24/2019,59,43
S0086,10/25/2019,64,43
S0086,10/26/2019,64,43
S0086,10/27/2019,64,44
S0086,10/28/2019,58,44
S0086,10/29/2019,58,44
S0086,10/30/2019,58,44
S0086,10/31/2019,52,44
S0088,10/1/2019,156,40
S0088,10/2/2019,174,40
S0088,10/3/2019,164,40
S0088,10/4/2019,163,40
S0088,10/5/2019,235,40
S0088,10/6/2019,213,41
S0088,10/7/2019,184,41
S0088,10/8/2019,161,41
S0088,10/9/2019,184,41
S0088,10/10/2019,175,41
S0088,10/11/2019,184,41
S0088,10/12/2019,230,41
S0088,10/13/2019,233,42
S0088,10/14/2019,192,42
S0088,10/15/2019,195,42
S0088,10/16/2019,192,42
S0088,10/17/2019,190,42
S0088,10/18/2019,193,42
S0088,10/19/2019,195,42
S0088,10/20/2019,193,43
S0088,10/21/2019,203,43
S0088,10/22/2019,201,43
S0088,10/23/2019,203,43
S0088,10/24/2019,196,43
S0088,10/25/2019,203,43
S0088,10/26/2019,201,43
S0088,10/27/2019,203,44
S0088,10/28/2019,172,44
S0088,10/29/2019,173,44
S0088,10/30/2019,172,44
S0088,10/31/2019,168,44
S0089,10/1/2019,76,40
S0089,10/2/2019,76,40
S0089,10/3/2019,71,40
S0089,10/4/2019,75,40
S0089,10/5/2019,103,40
S0089,10/6/2019,92,41
S0089,10/7/2019,74,41
S0089,10/8/2019,73,41
S0089,10/9/2019,73,41
S0089,10/10/2019,68,41
S0089,10/11/2019,72,41
S0089,10/12/2019,94,41
S0089,10/13/2019,93,42
S0089,10/14/2019,81,42
S0089,10/15/2019,80,42
S0089,10/16/2019,80,42
S0089,10/17/2019,75,42
S0089,10/18/2019,79,42
S0089,10/19/2019,79,42
S0089,10/20/2019,79,43
S0089,10/21/2019,82,43
S0089,10/22/2019,82,43
S0089,10/23/2019,82,43
S0089,10/24/2019,77,43
S0089,10/25/2019,81,43
S0089,10/26/2019,81,43
S0089,10/27/2019,80,44
S0089,10/28/2019,71,44
S0089,10/29/2019,70,44
S0089,10/30/2019,70,44
S0089,10/31/2019,65,44
S0091,10/1/2019,294,40
S0091,10/2/2019,300,40
S0091,10/3/2019,273,40
S0091,10/4/2019,298,40
S0091,10/5/2019,326,40
S0091,10/6/2019,327,41
S0091,10/7/2019,288,41
S0091,10/8/2019,296,41
S0091,10/9/2019,286,41
S0091,10/10/2019,258,41
S0091,10/11/2019,283,41
S0091,10/12/2019,310,41
S0091,10/13/2019,309,42
S0091,10/14/2019,308,42
S0091,10/15/2019,307,42
S0091,10/16/2019,306,42
S0091,10/17/2019,278,42
S0091,10/18/2019,303,42
S0091,10/19/2019,302,42
S0091,10/20/2019,300,43
S0091,10/21/2019,321,43
S0091,10/22/2019,320,43
S0091,10/23/2019,319,43
S0091,10/24/2019,291,43
S0091,10/25/2019,316,43
S0091,10/26/2019,315,43
S0091,10/27/2019,314,44
S0091,10/28/2019,253,44
S0091,10/29/2019,252,44
S0091,10/30/2019,251,44
S0091,10/31/2019,223,44
S0092,10/1/2019,207,40
S0092,10/2/2019,171,40
S0092,10/3/2019,176,40
S0092,10/4/2019,177,40
S0092,10/5/2019,191,40
S0092,10/6/2019,194,41
S0092,10/7/2019,175,41
S0092,10/8/2019,207,41
S0092,10/9/2019,171,41
S0092,10/10/2019,176,41
S0092,10/11/2019,177,41
S0092,10/12/2019,191,41
S0092,10/13/2019,194,42
S0092,10/14/2019,175,42
S0092,10/15/2019,207,42
S0092,10/16/2019,171,42
S0092,10/17/2019,176,42
S0092,10/18/2019,177,42
S0092,10/19/2019,191,42
S0092,10/20/2019,194,43
S0092,10/21/2019,175,43
S0092,10/22/2019,207,43
S0092,10/23/2019,171,43
S0092,10/24/2019,176,43
S0092,10/25/2019,177,43
S0092,10/26/2019,191,43
S0092,10/27/2019,194,44
S0092,10/28/2019,175,44
S0092,10/29/2019,207,44
S0092,10/30/2019,171,44
S0092,10/31/2019,176,44
S0094,10/1/2019,799,40
S0094,10/2/2019,798,40
S0094,10/3/2019,732,40
S0094,10/4/2019,797,40
S0094,10/5/2019,1115,40
S0094,10/6/2019,1122,41
S0094,10/7/2019,798,41
S0094,10/8/2019,769,41
S0094,10/9/2019,796,41
S0094,10/10/2019,730,41
S0094,10/11/2019,795,41
S0094,10/12/2019,1160,41
S0094,10/13/2019,1159,42
S0094,10/14/2019,912,42
S0094,10/15/2019,911,42
S0094,10/16/2019,910,42
S0094,10/17/2019,844,42
S0094,10/18/2019,909,42
S0094,10/19/2019,908,42
S0094,10/20/2019,907,43
S0094,10/21/2019,886,43
S0094,10/22/2019,885,43
S0094,10/23/2019,884,43
S0094,10/24/2019,817,43
S0094,10/25/2019,882,43
S0094,10/26/2019,881,43
S0094,10/27/2019,881,44
S0094,10/28/2019,775,44
S0094,10/29/2019,774,44
S0094,10/30/2019,773,44
S0094,10/31/2019,707,44
S0095,10/1/2019,1056,40
S0095,10/2/2019,1108,40
S0095,10/3/2019,1023,40
S0095,10/4/2019,1112,40
S0095,10/5/2019,1292,40
S0095,10/6/2019,1213,41
S0095,10/7/2019,1114,41
S0095,10/8/2019,1160,41
S0095,10/9/2019,1123,41
S0095,10/10/2019,1066,41
S0095,10/11/2019,1132,41
S0095,10/12/2019,1211,41
S0095,10/13/2019,1208,42
S0095,10/14/2019,1135,42
S0095,10/15/2019,1132,42
S0095,10/16/2019,1139,42
S0095,10/17/2019,1065,42
S0095,10/18/2019,1140,42
S0095,10/19/2019,1135,42
S0095,10/20/2019,1137,43
S0095,10/21/2019,1144,43
S0095,10/22/2019,1144,43
S0095,10/23/2019,1138,43
S0095,10/24/2019,1065,43
S0095,10/25/2019,1128,43
S0095,10/26/2019,1125,43
S0095,10/27/2019,1117,44
S0095,10/28/2019,1101,44
S0095,10/29/2019,1093,44
S0095,10/30/2019,1088,44
S0095,10/31/2019,1010,44
S0097,10/1/2019,1368,40
S0097,10/2/2019,1294,40
S0097,10/3/2019,1344,40
S0097,10/4/2019,1276,40
S0097,10/5/2019,1716,40
S0097,10/6/2019,1696,41
S0097,10/7/2019,1274,41
S0097,10/8/2019,1170,41
S0097,10/9/2019,1254,41
S0097,10/10/2019,1303,41
S0097,10/11/2019,1233,41
S0097,10/12/2019,1674,41
S0097,10/13/2019,1663,42
S0097,10/14/2019,1401,42
S0097,10/15/2019,1390,42
S0097,10/16/2019,1379,42
S0097,10/17/2019,1428,42
S0097,10/18/2019,1357,42
S0097,10/19/2019,1346,42
S0097,10/20/2019,1335,43
S0097,10/21/2019,1466,43
S0097,10/22/2019,1455,43
S0097,10/23/2019,1445,43
S0097,10/24/2019,1494,43
S0097,10/25/2019,1424,43
S0097,10/26/2019,1414,43
S0097,10/27/2019,1404,44
S0097,10/28/2019,1063,44
S0097,10/29/2019,1054,44
S0097,10/30/2019,1045,44
S0097,10/31/2019,1096,44
S0099,10/1/2019,76,40
S0099,10/2/2019,57,40
S0099,10/3/2019,49,40
S0099,10/4/2019,55,40
S0099,10/5/2019,85,40
S0099,10/6/2019,84,41
S0099,10/7/2019,60,41
S0099,10/8/2019,57,41
S0099,10/9/2019,59,41
S0099,10/10/2019,51,41
S0099,10/11/2019,57,41
S0099,10/12/2019,77,41
S0099,10/13/2019,77,42
S0099,10/14/2019,67,42
S0099,10/15/2019,66,42
S0099,10/16/2019,66,42
S0099,10/17/2019,59,42
S0099,10/18/2019,65,42
S0099,10/19/2019,65,42
S0099,10/20/2019,65,43
S0099,10/21/2019,64,43
S0099,10/22/2019,64,43
S0099,10/23/2019,64,43
S0099,10/24/2019,57,43
S0099,10/25/2019,64,43
S0099,10/26/2019,64,43
S0099,10/27/2019,64,44
S0099,10/28/2019,57,44
S0099,10/29/2019,57,44
S0099,10/30/2019,57,44
S0099,10/31/2019,51,44
S0102,10/1/2019,324,40
S0102,10/2/2019,324,40
S0102,10/3/2019,310,40
S0102,10/4/2019,325,40
S0102,10/5/2019,784,40
S0102,10/6/2019,377,41
S0102,10/7/2019,355,41
S0102,10/8/2019,335,41
S0102,10/9/2019,355,41
S0102,10/10/2019,341,41
S0102,10/11/2019,356,41
S0102,10/12/2019,399,41
S0102,10/13/2019,399,42
S0102,10/14/2019,339,42
S0102,10/15/2019,339,42
S0102,10/16/2019,340,42
S0102,10/17/2019,325,42
S0102,10/18/2019,340,42
S0102,10/19/2019,340,42
S0102,10/20/2019,340,43
S0102,10/21/2019,353,43
S0102,10/22/2019,353,43
S0102,10/23/2019,353,43
S0102,10/24/2019,339,43
S0102,10/25/2019,353,43
S0102,10/26/2019,354,43
S0102,10/27/2019,354,44
S0102,10/28/2019,315,44
S0102,10/29/2019,315,44
S0102,10/30/2019,315,44
S0102,10/31/2019,300,44
S0104,10/1/2019,906,40
S0104,10/2/2019,1076,40
S0104,10/3/2019,982,40
S0104,10/4/2019,962,40
S0104,10/5/2019,1285,40
S0104,10/6/2019,1283,41
S0104,10/7/2019,1016,41
S0104,10/8/2019,940,41
S0104,10/9/2019,1001,41
S0104,10/10/2019,965,41
S0104,10/11/2019,985,41
S0104,10/12/2019,1384,41
S0104,10/13/2019,1376,42
S0104,10/14/2019,1143,42
S0104,10/15/2019,1135,42
S0104,10/16/2019,1128,42
S0104,10/17/2019,1092,42
S0104,10/18/2019,1112,42
S0104,10/19/2019,1104,42
S0104,10/20/2019,1096,43
S0104,10/21/2019,1023,43
S0104,10/22/2019,1016,43
S0104,10/23/2019,1008,43
S0104,10/24/2019,973,43
S0104,10/25/2019,994,43
S0104,10/26/2019,987,43
S0104,10/27/2019,980,44
S0104,10/28/2019,758,44
S0104,10/29/2019,751,44
S0104,10/30/2019,745,44
S0104,10/31/2019,711,44
S0107,10/1/2019,371,40
S0107,10/2/2019,299,40
S0107,10/3/2019,294,40
S0107,10/4/2019,347,40
S0107,10/5/2019,447,40
S0107,10/6/2019,362,41
S0107,10/7/2019,348,41
S0107,10/8/2019,332,41
S0107,10/9/2019,331,41
S0107,10/10/2019,336,41
S0107,10/11/2019,334,41
S0107,10/12/2019,339,41
S0107,10/13/2019,337,42
S0107,10/14/2019,334,42
S0107,10/15/2019,330,42
S0107,10/16/2019,327,42
S0107,10/17/2019,326,42
S0107,10/18/2019,323,42
S0107,10/19/2019,320,42
S0107,10/20/2019,319,43
S0107,10/21/2019,320,43
S0107,10/22/2019,318,43
S0107,10/23/2019,318,43
S0107,10/24/2019,318,43
S0107,10/25/2019,316,43
S0107,10/26/2019,316,43
S0107,10/27/2019,316,44
S0107,10/28/2019,288,44
S0107,10/29/2019,288,44
S0107,10/30/2019,289,44
S0107,10/31/2019,290,44
S0108,10/1/2019,596,40
S0108,10/2/2019,622,40
S0108,10/3/2019,591,40
S0108,10/4/2019,606,40
S0108,10/5/2019,870,40
S0108,10/6/2019,798,41
S0108,10/7/2019,655,41
S0108,10/8/2019,625,41
S0108,10/9/2019,658,41
S0108,10/10/2019,637,41
S0108,10/11/2019,658,41
S0108,10/12/2019,873,41
S0108,10/13/2019,873,42
S0108,10/14/2019,774,42
S0108,10/15/2019,774,42
S0108,10/16/2019,774,42
S0108,10/17/2019,754,42
S0108,10/18/2019,775,42
S0108,10/19/2019,775,42
S0108,10/20/2019,775,43
S0108,10/21/2019,740,43
S0108,10/22/2019,740,43
S0108,10/23/2019,740,43
S0108,10/24/2019,719,43
S0108,10/25/2019,740,43
S0108,10/26/2019,740,43
S0108,10/27/2019,740,44
S0108,10/28/2019,632,44
S0108,10/29/2019,632,44
S0108,10/30/2019,632,44
S0108,10/31/2019,611,44
S0109,10/1/2019,369,40
S0109,10/2/2019,300,40
S0109,10/3/2019,295,40
S0109,10/4/2019,314,40
S0109,10/5/2019,330,40
S0109,10/6/2019,355,41
S0109,10/7/2019,301,41
S0109,10/8/2019,377,41
S0109,10/9/2019,308,41
S0109,10/10/2019,303,41
S0109,10/11/2019,322,41
S0109,10/12/2019,338,41
S0109,10/13/2019,363,42
S0109,10/14/2019,309,42
S0109,10/15/2019,385,42
S0109,10/16/2019,316,42
S0109,10/17/2019,311,42
S0109,10/18/2019,330,42
S0109,10/19/2019,346,42
S0109,10/20/2019,371,43
S0109,10/21/2019,317,43
S0109,10/22/2019,393,43
S0109,10/23/2019,324,43
S0109,10/24/2019,319,43
S0109,10/25/2019,338,43
S0109,10/26/2019,354,43
S0109,10/27/2019,379,44
S0109,10/28/2019,325,44
S0109,10/29/2019,401,44
S0109,10/30/2019,332,44
S0109,10/31/2019,327,44
S0120,10/1/2019,72,40
S0120,10/2/2019,76,40
S0120,10/3/2019,69,40
S0120,10/4/2019,77,40
S0120,10/5/2019,85,40
S0120,10/6/2019,88,41
S0120,10/7/2019,80,41
S0120,10/8/2019,85,41
S0120,10/9/2019,80,41
S0120,10/10/2019,74,41
S0120,10/11/2019,81,41
S0120,10/12/2019,91,41
S0120,10/13/2019,92,42
S0120,10/14/2019,82,42
S0120,10/15/2019,83,42
S0120,10/16/2019,83,42
S0120,10/17/2019,77,42
S0120,10/18/2019,84,42
S0120,10/19/2019,84,42
S0120,10/20/2019,85,43
S0120,10/21/2019,88,43
S0120,10/22/2019,89,43
S0120,10/23/2019,89,43
S0120,10/24/2019,82,43
S0120,10/25/2019,90,43
S0120,10/26/2019,90,43
S0120,10/27/2019,90,44
S0120,10/28/2019,92,44
S0120,10/29/2019,92,44
S0120,10/30/2019,92,44
S0120,10/31/2019,85,44
S0122,10/1/2019,276,40
S0122,10/2/2019,285,40
S0122,10/3/2019,271,40
S0122,10/4/2019,283,40
S0122,10/5/2019,337,40
S0122,10/6/2019,330,41
S0122,10/7/2019,289,41
S0122,10/8/2019,277,41
S0122,10/9/2019,289,41
S0122,10/10/2019,277,41
S0122,10/11/2019,289,41
S0122,10/12/2019,351,41
S0122,10/13/2019,351,42
S0122,10/14/2019,318,42
S0122,10/15/2019,318,42
S0122,10/16/2019,318,42
S0122,10/17/2019,306,42
S0122,10/18/2019,318,42
S0122,10/19/2019,318,42
S0122,10/20/2019,318,43
S0122,10/21/2019,314,43
S0122,10/22/2019,314,43
S0122,10/23/2019,314,43
S0122,10/24/2019,303,43
S0122,10/25/2019,315,43
S0122,10/26/2019,315,43
S0122,10/27/2019,315,44
S0122,10/28/2019,295,44
S0122,10/29/2019,295,44
S0122,10/30/2019,295,44
S0122,10/31/2019,283,44
S0126,10/1/2019,559,40
S0126,10/2/2019,534,40
S0126,10/3/2019,523,40
S0126,10/4/2019,532,40
S0126,10/5/2019,711,40
S0126,10/6/2019,614,41
S0126,10/7/2019,555,41
S0126,10/8/2019,544,41
S0126,10/9/2019,551,41
S0126,10/10/2019,539,41
S0126,10/11/2019,547,41
S0126,10/12/2019,595,41
S0126,10/13/2019,593,42
S0126,10/14/2019,597,42
S0126,10/15/2019,594,42
S0126,10/16/2019,592,42
S0126,10/17/2019,579,42
S0126,10/18/2019,587,42
S0126,10/19/2019,585,42
S0126,10/20/2019,582,43
S0126,10/21/2019,578,43
S0126,10/22/2019,575,43
S0126,10/23/2019,573,43
S0126,10/24/2019,560,43
S0126,10/25/2019,568,43
S0126,10/26/2019,565,43
S0126,10/27/2019,563,44
S0126,10/28/2019,490,44
S0126,10/29/2019,487,44
S0126,10/30/2019,485,44
S0126,10/31/2019,472,44
S0131,10/1/2019,257,40
S0131,10/2/2019,283,40
S0131,10/3/2019,265,40
S0131,10/4/2019,266,40
S0131,10/5/2019,295,40
S0131,10/6/2019,305,41
S0131,10/7/2019,283,41
S0131,10/8/2019,283,41
S0131,10/9/2019,283,41
S0131,10/10/2019,267,41
S0131,10/11/2019,283,41
S0131,10/12/2019,341,41
S0131,10/13/2019,341,42
S0131,10/14/2019,301,42
S0131,10/15/2019,301,42
S0131,10/16/2019,301,42
S0131,10/17/2019,284,42
S0131,10/18/2019,300,42
S0131,10/19/2019,300,42
S0131,10/20/2019,300,43
S0131,10/21/2019,314,43
S0131,10/22/2019,314,43
S0131,10/23/2019,314,43
S0131,10/24/2019,297,43
S0131,10/25/2019,313,43
S0131,10/26/2019,313,43
S0131,10/27/2019,312,44
S0131,10/28/2019,270,44
S0131,10/29/2019,269,44
S0131,10/30/2019,269,44
S0131,10/31/2019,252,44
S0132,10/1/2019,454,40
S0132,10/2/2019,507,40
S0132,10/3/2019,493,40
S0132,10/4/2019,493,40
S0132,10/5/2019,504,40
S0132,10/6/2019,593,41
S0132,10/7/2019,547,41
S0132,10/8/2019,516,41
S0132,10/9/2019,547,41
S0132,10/10/2019,523,41
S0132,10/11/2019,549,41
S0132,10/12/2019,627,41
S0132,10/13/2019,628,42
S0132,10/14/2019,582,42
S0132,10/15/2019,582,42
S0132,10/16/2019,582,42
S0132,10/17/2019,558,42
S0132,10/18/2019,583,42
S0132,10/19/2019,584,42
S0132,10/20/2019,584,43
S0132,10/21/2019,587,43
S0132,10/22/2019,587,43
S0132,10/23/2019,588,43
S0132,10/24/2019,563,43
S0132,10/25/2019,588,43
S0132,10/26/2019,589,43
S0132,10/27/2019,589,44
S0132,10/28/2019,503,44
S0132,10/29/2019,503,44
S0132,10/30/2019,503,44
S0132,10/31/2019,479,44
S0136,9/29/2019,48.89,40
S0136,9/30/2019,30.59,40
S0136,10/1/2019,30.21,40
S0136,10/2/2019,28.35,40
S0136,10/3/2019,24.86,40
S0136,10/4/2019,31.38,40
S0136,10/5/2019,28,40
S0136,10/6/2019,17,41
S0136,10/7/2019,30.59,41
S0136,10/8/2019,30.21,41
S0136,10/9/2019,28.35,41
S0136,10/10/2019,24.86,41
S0136,10/11/2019,31.38,41
S0136,10/12/2019,12,41
S0136,10/13/2019,11,42
S0136,10/14/2019,30.59,42
S0136,10/15/2019,30.21,42
S0136,10/16/2019,28.35,42
S0136,10/17/2019,24.86,42
S0136,10/18/2019,31.38,42
S0136,10/19/2019,49.24,42
S0141,10/1/2019,65,40
S0141,10/2/2019,61,40
S0141,10/3/2019,62,40
S0141,10/4/2019,64,40
S0141,10/5/2019,38,40
S0141,10/6/2019,32,41
S0141,10/7/2019,62,41
S0141,10/8/2019,70,41
S0141,10/9/2019,62,41
S0141,10/10/2019,69,41
S0141,10/11/2019,62,41
S0141,10/12/2019,33,41
S0141,10/13/2019,33,42
S0141,10/14/2019,54,42
S0141,10/15/2019,54,42
S0141,10/16/2019,54,42
S0141,10/17/2019,61,42
S0141,10/18/2019,54,42
S0141,10/19/2019,54,42
S0141,10/20/2019,54,43
S0141,10/21/2019,56,43
S0141,10/22/2019,56,43
S0141,10/23/2019,56,43
S0141,10/24/2019,62,43
S0141,10/25/2019,56,43
S0141,10/26/2019,56,43
S0141,10/27/2019,56,44
S0141,10/28/2019,56,44
S0141,10/29/2019,56,44
S0141,10/30/2019,56,44
S0141,10/31/2019,63,44
S0142,10/1/2019,276,40
S0142,10/2/2019,267,40
S0142,10/3/2019,261,40
S0142,10/4/2019,267,40
S0142,10/5/2019,274,40
S0142,10/6/2019,302,41
S0142,10/7/2019,282,41
S0142,10/8/2019,271,41
S0142,10/9/2019,282,41
S0142,10/10/2019,275,41
S0142,10/11/2019,282,41
S0142,10/12/2019,299,41
S0142,10/13/2019,299,42
S0142,10/14/2019,302,42
S0142,10/15/2019,303,42
S0142,10/16/2019,303,42
S0142,10/17/2019,296,42
S0142,10/18/2019,303,42
S0142,10/19/2019,303,42
S0142,10/20/2019,303,43
S0142,10/21/2019,316,43
S0142,10/22/2019,316,43
S0142,10/23/2019,316,43
S0142,10/24/2019,309,43
S0142,10/25/2019,316,43
S0142,10/26/2019,316,43
S0142,10/27/2019,316,44
S0142,10/28/2019,268,44
S0142,10/29/2019,268,44
S0142,10/30/2019,268,44
S0142,10/31/2019,261,44
S0143,10/1/2019,93,40
S0143,10/2/2019,94,40
S0143,10/3/2019,92,40
S0143,10/4/2019,95,40
S0143,10/5/2019,116,40
S0143,10/6/2019,109,41
S0143,10/7/2019,93,41
S0143,10/8/2019,91,41
S0143,10/9/2019,93,41
S0143,10/10/2019,90,41
S0143,10/11/2019,92,41
S0143,10/12/2019,108,41
S0143,10/13/2019,108,42
S0143,10/14/2019,95,42
S0143,10/15/2019,95,42
S0143,10/16/2019,95,42
S0143,10/17/2019,92,42
S0143,10/18/2019,95,42
S0143,10/19/2019,95,42
S0143,10/20/2019,95,43
S0143,10/21/2019,93,43
S0143,10/22/2019,93,43
S0143,10/23/2019,93,43
S0143,10/24/2019,90,43
S0143,10/25/2019,93,43
S0143,10/26/2019,93,43
S0143,10/27/2019,93,44
S0143,10/28/2019,93,44
S0143,10/29/2019,93,44
S0143,10/30/2019,92,44
S0143,10/31/2019,89,44
